1,0,0,0,0,true,standing,moving,ok
2,0,0,0,0,true,standing,moving,ok
3,0,0,0,0,true,standing,moving,ok
4,0,0,0,0,true,standing,not_moving,ok
5,0,0,0,0,true,standing,not_moving,ok
6,0,0,0,0,true,standing,not_moving,ok
7,0,0,0,0,true,standing,not_moving,ok
8,0,0,0,0,true,standing,not_moving,ok
9,0,0,0,0,true,standing,not_moving,ok
10,0,0,0,0,true,standing,not_moving,ok
11,0,0,0,0,true,standing,not_moving,ok
12,0,0,0,0,true,standing,not_moving,ok
13,0,0,0,0,true,standing,not_moving,ok
14,0,0,0,0,true,standing,not_moving,ok
15,0,0,0,0,true,standing,not_moving,ok
16,0,0,0,0,true,standing,not_moving,ok
17,0,0,0,0,true,standing,not_moving,ok
18,0,0,0,0,true,standing,not_moving,ok
19,0,0,0,0,true,standing,not_moving,ok
20,0,0,0,0,true,standing,not_moving,ok
21,0,0,0,0,true,standing,not_moving,ok
22,0,0,0,0,true,standing,not_moving,ok
23,0,0,0,0,true,standing,not_moving,ok
24,0,0,0,0,true,standing,not_moving,ok
25,0,0,0,0,true,standing,not_moving,ok
26,0,0,0,0,true,standing,not_moving,ok
27,0,0,0,0,true,standing,not_moving,ok
28,0,0,0,0,true,standing,not_moving,ok
29,0,0,0,0,true,standing,not_moving,ok
30,0,0,0,0,true,standing,not_moving,ok
31,0,0,0,0,true,standing,not_moving,ok
32,0,0,0,0,true,standing,not_moving,ok
33,0,0,0,0,true,standing,not_moving,ok
34,0,0,0,0,true,standing,not_moving,ok
35,0,0,0,0,true,standing,not_moving,ok
36,0,0,0,0,true,standing,not_moving,ok
37,0,0,0,0,true,standing,not_moving,ok
38,0,0,0,0,true,standing,not_moving,ok
39,0,0,0,0,true,standing,not_moving,ok
40,0,0,0,0,true,standing,not_moving,ok
41,0,0,0,0,true,standing,not_moving,ok
42,0,0,0,0,true,standing,not_moving,ok
43,0,0,0,0,true,standing,not_moving,ok
44,0,0,0,0,true,standing,not_moving,ok
45,0,0,0,0,true,standing,not_moving,ok
46,0,0,0,0,true,standing,not_moving,ok
47,0,0,0,0,true,standing,not_moving,ok
48,0,0,0,0,true,standing,not_moving,ok
49,0,0,0,0,true,standing,not_moving,ok
50,0,0,0,0,true,standing,not_moving,ok
51,0,0,0,0,true,standing,not_moving,ok
52,0,0,0,0,true,standing,not_moving,ok
53,0,0,0,0,true,standing,not_moving,ok
54,0,0,0,0,true,standing,not_moving,ok
55,0,0,0,0,true,standing,not_moving,ok
56,0,0,0,0,true,standing,not_moving,ok
57,0,0,0,0,true,standing,not_moving,ok
58,0,0,0,0,true,standing,not_moving,ok
59,0,0,0,0,true,standing,not_moving,ok
60,0,0,0,0,true,standing,not_moving,ok
61,0,0,0,0,true,standing,not_moving,ok
62,0,0,0,0,true,standing,not_moving,ok
63,0,0,0,0,true,standing,not_moving,ok
64,0,0,0,0,true,standing,not_moving,ok
65,0,0,0,0,true,standing,not_moving,ok
66,0,0,0,0,true,standing,not_moving,ok
67,0,0,0,0,true,standing,not_moving,ok
68,0,0,0,0,true,standing,not_moving,ok
69,0,0,0,0,true,standing,not_moving,ok
70,0,0,0,0,true,standing,not_moving,ok
71,0,0,0,0,true,standing,not_moving,ok
72,0,0,0,0,true,standing,not_moving,ok
73,0,0,0,0,true,standing,not_moving,ok
74,0,0,0,0,true,standing,not_moving,ok
75,0,0,0,0,true,standing,not_moving,ok
76,0,0,0,0,true,standing,not_moving,ok
77,0,0,0,0,true,standing,not_moving,ok
78,0,0,0,0,true,standing,not_moving,ok
79,0,0,0,0,true,standing,not_moving,ok
80,0,0,0,0,true,standing,not_moving,ok
81,0,0,0,0,true,standing,not_moving,ok
82,0,0,0,0,true,standing,not_moving,ok
83,0,0,0,0,true,standing,not_moving,ok
84,0,0,0,0,true,standing,not_moving,ok
85,0,0,0,0,true,standing,not_moving,ok
86,0,0,0,0,true,standing,not_moving,ok
87,0,0,0,0,true,standing,not_moving,ok
88,0,0,0,0,true,standing,not_moving,ok
89,0,0,0,0,true,standing,not_moving,ok
90,0,0,0,0,true,standing,not_moving,ok
91,0,0,0,0,true,standing,not_moving,ok
92,0,0,0,0,true,standing,not_moving,ok
93,0,0,0,0,true,standing,not_moving,ok
94,0,0,0,0,true,standing,not_moving,ok
95,0,0,0,0,true,standing,not_moving,ok
96,0,0,0,0,true,standing,not_moving,ok
97,0,0,0,0,true,standing,not_moving,ok
98,0,0,0,0,true,standing,not_moving,ok
99,0,0,0,0,true,standing,not_moving,ok
100,0,0,0,0,true,standing,not_moving,ok
101,0,0,0,0,true,standing,not_moving,ok
102,0,0,0,0,true,standing,not_moving,ok
103,0,0,0,0,true,standing,not_moving,ok
104,0,0,0,0,true,standing,not_moving,ok
105,0,0,0,0,true,standing,not_moving,ok
106,0,0,0,0,true,standing,not_moving,ok
107,0,0,0,0,true,standing,not_moving,ok
108,0,0,0,0,true,standing,not_moving,ok
109,0,0,0,0,true,standing,not_moving,ok
110,0,0,0,0,true,standing,not_moving,ok
111,0,0,0,0,true,standing,not_moving,ok
112,0,0,0,0,true,standing,not_moving,ok
113,0,0,0,0,true,standing,not_moving,ok
114,0,0,0,0,true,standing,not_moving,ok
115,0,0,0,0,true,standing,not_moving,ok
116,0,0,0,0,true,standing,not_moving,ok
117,0,0,0,0,true,standing,not_moving,ok
118,0,0,0,0,true,standing,not_moving,ok
119,0,0,0,0,true,standing,not_moving,ok
120,0,0,0,0,true,standing,not_moving,ok
121,0,0,0,0,true,standing,not_moving,ok
122,0,0,0,0,true,standing,not_moving,ok
123,0,0,0,0,true,standing,not_moving,ok
124,0,0,0,0,true,standing,not_moving,ok
125,0,0,0,0,true,standing,not_moving,ok
126,0,0,0,0,true,standing,not_moving,ok
127,0,0,0,0,true,standing,not_moving,ok
128,0,0,0,0,true,standing,not_moving,ok
129,0,0,0,0,true,standing,not_moving,ok
130,0,0,0,0,true,standing,not_moving,ok
131,0,0,0,0,true,standing,not_moving,ok
132,0,0,0,0,true,standing,not_moving,ok
133,0,0,0,0,true,standing,not_moving,ok
134,0,0,0,0,true,standing,not_moving,ok
135,0,0,0,0,true,standing,not_moving,ok
136,0,0,0,0,true,standing,not_moving,ok
137,0,0,0,0,true,standing,not_moving,ok
138,0,0,0,0,true,standing,not_moving,ok
139,0,0,0,0,true,standing,not_moving,ok
140,0,0,0,0,true,standing,not_moving,ok
141,0,0,0,0,true,standing,not_moving,ok
142,0,0,0,0,true,standing,not_moving,ok
143,0,0,0,0,true,standing,not_moving,ok
144,0,0,0,0,true,standing,not_moving,ok
145,0,0,0,0,true,standing,not_moving,ok
146,0,0,0,0,true,standing,not_moving,ok
147,0,0,0,0,true,standing,not_moving,ok
148,0,0,0,0,true,standing,not_moving,ok
149,0,0,0,0,true,standing,not_moving,ok
150,0,0,0,0,true,standing,not_moving,ok
151,0,0,0,0,true,standing,not_moving,ok
152,0,0,0,0,true,standing,not_moving,ok
153,0,0,0,0,true,standing,not_moving,ok
154,0,0,0,0,true,standing,not_moving,ok
155,0,0,0,0,true,standing,not_moving,ok
156,0,0,0,0,true,standing,not_moving,ok
157,0,0,0,0,true,standing,not_moving,ok
158,0,0,0,0,true,standing,not_moving,ok
159,0,0,0,0,true,standing,not_moving,ok
160,0,0,0,0,true,standing,not_moving,ok
161,0,0,0,0,true,standing,not_moving,ok
162,0,0,0,0,true,standing,not_moving,ok
163,0,0,0,0,true,standing,not_moving,ok
164,0,0,0,0,true,standing,not_moving,ok
165,0,0,0,0,true,standing,not_moving,ok
166,0,0,0,0,true,standing,not_moving,ok
167,0,0,0,0,true,standing,not_moving,ok
168,0,0,0,0,true,standing,not_moving,ok
169,0,0,0,0,true,standing,not_moving,ok
170,0,0,0,0,true,standing,not_moving,ok
171,0,0,0,0,true,standing,not_moving,ok
172,0,0,0,0,true,standing,not_moving,ok
173,0,0,0,0,true,standing,not_moving,ok
174,0,0,0,0,true,standing,not_moving,ok
175,0,0,0,0,true,standing,not_moving,ok
176,0,0,0,0,true,standing,not_moving,ok
177,0,0,0,0,true,standing,not_moving,ok
178,0,0,0,0,true,standing,not_moving,ok
179,0,0,0,0,true,standing,not_moving,ok
180,0,0,0,0,true,standing,not_moving,ok
181,0,0,0,0,true,standing,not_moving,ok
182,0,0,0,0,true,standing,not_moving,ok
183,0,0,0,0,true,standing,not_moving,ok
184,0,0,0,0,true,standing,not_moving,ok
185,0,0,0,0,true,standing,not_moving,ok
186,0,0,0,0,true,standing,not_moving,ok
187,0,0,0,0,true,standing,not_moving,ok
188,0,0,0,0,true,standing,not_moving,ok
189,0,0,0,0,true,standing,not_moving,ok
190,0,0,0,0,true,standing,not_moving,ok
191,0,0,0,0,true,standing,not_moving,ok
192,0,0,0,0,true,standing,not_moving,ok
193,0,0,0,0,true,standing,not_moving,ok
194,0,0,0,0,true,standing,not_moving,ok
195,0,0,0,0,true,standing,not_moving,ok
196,0,0,0,0,true,standing,not_moving,ok
197,0,0,0,0,true,standing,not_moving,ok
198,0,0,0,0,true,standing,not_moving,ok
199,0,0,0,0,true,standing,not_moving,ok
200,0,0,0,0,true,standing,not_moving,ok
201,0,0,0,0,true,standing,not_moving,ok
202,0,0,0,0,true,standing,not_moving,ok
203,0,0,0,0,true,standing,not_moving,ok
204,0,0,0,0,true,standing,not_moving,ok
205,0,0,0,0,true,standing,not_moving,ok
206,0,0,0,0,true,standing,not_moving,ok
207,0,0,0,0,true,standing,not_moving,ok
208,0,0,0,0,true,standing,not_moving,ok
209,0,0,0,0,true,standing,not_moving,ok
210,0,0,0,0,true,standing,not_moving,ok
211,0,0,0,0,true,standing,moving,ok
212,0,0,0,0,true,standing,moving,ok
213,0,0,0,0,true,standing,moving,ok
214,0,0,0,0,true,standing,moving,ok
215,0,0,0,0,true,standing,moving,ok
216,0,0,0,0,true,standing,moving,ok
217,0,0,0,0,true,standing,moving,ok
218,0,0,0,0,true,standing,moving,ok
219,0,0,0,0,true,standing,moving,ok
220,0,0,0,0,true,standing,moving,ok
221,0,0,0,0,true,standing,moving,ok
222,0,0,0,0,true,standing,moving,ok
223,0,0,0,0,true,standing,moving,ok
224,0,0,0,0,true,standing,moving,ok
225,0,0,0,0,true,standing,moving,ok
226,0,0,0,0,true,standing,moving,ok
227,0,0,0,0,true,standing,moving,ok
228,0,0,0,0,true,standing,not_moving,ok
229,0,0,0,0,true,standing,not_moving,ok
230,0,0,0,0,true,standing,not_moving,ok
231,0,0,0,0,true,standing,not_moving,ok
232,0,0,0,0,true,standing,not_moving,ok
233,0,0,0,0,true,standing,not_moving,ok
234,0,0,0,0,true,standing,not_moving,ok
235,0,0,0,0,true,standing,not_moving,ok
236,0,0,0,0,true,standing,not_moving,ok
237,0,0,0,0,true,standing,not_moving,ok
238,0,0,0,0,true,standing,not_moving,ok
239,0,0,0,0,true,standing,not_moving,ok
240,0,0,0,0,true,standing,not_moving,ok
241,0,0,0,0,true,standing,not_moving,ok
242,0,0,0,0,true,standing,not_moving,ok
243,0,0,0,0,true,standing,not_moving,ok
244,0,0,0,0,true,standing,not_moving,ok
245,0,0,0,0,true,standing,not_moving,ok
246,0,0,0,0,true,standing,not_moving,ok
247,0,0,0,0,true,standing,not_moving,ok
248,0,0,0,0,true,standing,not_moving,ok
249,0,0,0,0,true,standing,not_moving,ok
250,0,0,0,0,true,standing,not_moving,ok
251,0,0,0,0,true,standing,not_moving,ok
252,0,0,0,0,true,standing,not_moving,ok
253,0,0,0,0,true,standing,not_moving,ok
254,0,0,0,0,true,standing,not_moving,ok
255,0,0,0,0,true,standing,not_moving,ok
256,0,0,0,0,true,standing,not_moving,ok
257,0,0,0,0,true,standing,not_moving,ok
258,0,0,0,0,true,standing,not_moving,ok
259,0,0,0,0,true,standing,not_moving,ok
260,0,0,0,0,true,standing,not_moving,ok
261,0,0,0,0,true,standing,not_moving,ok
262,0,0,0,0,true,standing,not_moving,ok
263,0,0,0,0,true,standing,not_moving,ok
264,0,0,0,0,true,standing,not_moving,ok
265,0,0,0,0,true,standing,not_moving,ok
266,0,0,0,0,true,standing,not_moving,ok
267,0,0,0,0,true,standing,not_moving,ok
268,0,0,0,0,true,standing,not_moving,ok
269,0,0,0,0,true,standing,not_moving,ok
270,0,0,0,0,true,standing,not_moving,ok
271,0,0,0,0,true,standing,not_moving,ok
272,0,0,0,0,true,standing,not_moving,ok
273,0,0,0,0,true,standing,not_moving,ok
274,0,0,0,0,true,standing,not_moving,ok
275,0,0,0,0,true,standing,not_moving,ok
276,0,0,0,0,true,standing,not_moving,ok
277,0,0,0,0,true,standing,not_moving,ok
278,0,0,0,0,true,standing,not_moving,ok
279,0,0,0,0,true,standing,not_moving,ok
280,0,0,0,0,true,standing,not_moving,ok
281,0,0,0,0,true,standing,not_moving,ok
282,0,0,0,0,true,standing,not_moving,ok
283,0,0,0,0,true,standing,not_moving,ok
284,0,0,0,0,true,standing,not_moving,ok
285,0,0,0,0,true,standing,not_moving,ok
286,0,0,0,0,true,standing,not_moving,ok
287,0,0,0,0,true,standing,not_moving,ok
288,0,0,0,0,true,standing,not_moving,ok
289,0,0,0,0,true,standing,not_moving,ok
290,0,0,0,0,true,standing,not_moving,ok
291,0,0,0,0,true,standing,not_moving,ok
292,0,0,0,0,true,standing,not_moving,ok
293,0,0,0,0,true,standing,not_moving,ok
294,0,0,0,0,true,standing,not_moving,ok
295,0,0,0,0,true,standing,not_moving,ok
296,0,0,0,0,true,standing,not_moving,ok
297,0,0,0,0,true,standing,not_moving,ok
298,0,0,0,0,true,standing,not_moving,ok
299,0,0,0,0,true,standing,not_moving,ok
300,0,0,0,0,true,standing,not_moving,ok
301,0,0,0,0,true,standing,not_moving,ok
302,0,0,0,0,true,standing,not_moving,ok
303,0,0,0,0,true,standing,not_moving,ok
304,0,0,0,0,true,standing,not_moving,ok
305,0,0,0,0,true,standing,not_moving,ok
306,0,0,0,0,true,standing,not_moving,ok
307,0,0,0,0,true,standing,not_moving,ok
308,0,0,0,0,true,standing,not_moving,ok
309,0,0,0,0,true,standing,not_moving,ok
310,0,0,0,0,true,standing,not_moving,ok
311,0,0,0,0,true,standing,not_moving,ok
312,0,0,0,0,true,standing,not_moving,ok
313,0,0,0,0,true,standing,not_moving,ok
314,0,0,0,0,true,standing,not_moving,ok
315,0,0,0,0,true,standing,not_moving,ok
316,0,0,0,0,true,standing,not_moving,ok
317,0,0,0,0,true,standing,not_moving,ok
318,0,0,0,0,true,standing,not_moving,ok
319,0,0,0,0,true,standing,not_moving,ok
320,0,0,0,0,true,standing,not_moving,ok
321,0,0,0,0,true,standing,not_moving,ok
322,0,0,0,0,true,standing,not_moving,ok
323,0,0,0,0,true,standing,not_moving,ok
324,0,0,0,0,true,standing,not_moving,ok
325,0,0,0,0,true,standing,not_moving,ok
326,0,0,0,0,true,standing,not_moving,ok
327,0,0,0,0,true,standing,not_moving,ok
328,0,0,0,0,true,standing,not_moving,ok
329,0,0,0,0,true,standing,not_moving,ok
330,0,0,0,0,true,standing,not_moving,ok
331,0,0,0,0,true,standing,not_moving,ok
332,0,0,0,0,true,standing,not_moving,ok
333,0,0,0,0,true,standing,not_moving,ok
334,0,0,0,0,true,standing,not_moving,ok
335,0,0,0,0,true,standing,not_moving,ok
336,0,0,0,0,true,standing,not_moving,ok
337,0,0,0,0,true,standing,not_moving,ok
338,0,0,0,0,true,standing,not_moving,ok
339,0,0,0,0,true,standing,not_moving,ok
340,0,0,0,0,true,standing,not_moving,ok
341,0,0,0,0,true,standing,not_moving,ok
342,0,0,0,0,true,standing,not_moving,ok
343,0,0,0,0,true,standing,not_moving,ok
344,0,0,0,0,true,standing,not_moving,ok
345,0,0,0,0,true,standing,not_moving,ok
346,0,0,0,0,true,standing,not_moving,ok
347,0,0,0,0,true,standing,not_moving,ok
348,0,0,0,0,true,standing,not_moving,ok
349,0,0,0,0,true,standing,not_moving,ok
350,0,0,0,0,true,standing,not_moving,ok
351,0,0,0,0,true,standing,not_moving,ok
352,0,0,0,0,true,standing,not_moving,ok
353,0,0,0,0,true,standing,not_moving,ok
354,0,0,0,0,true,standing,not_moving,ok
355,0,0,0,0,true,standing,not_moving,ok
356,0,0,0,0,true,standing,not_moving,ok
357,0,0,0,0,true,standing,not_moving,ok
358,0,0,0,0,true,standing,not_moving,ok
359,0,0,0,0,true,standing,not_moving,ok
360,0,0,0,0,true,standing,not_moving,ok
361,0,0,0,0,true,standing,not_moving,ok
362,0,0,0,0,true,standing,not_moving,ok
363,0,0,0,0,true,standing,not_moving,ok
364,0,0,0,0,true,standing,not_moving,ok
365,0,0,0,0,true,standing,not_moving,ok
366,0,0,0,0,true,standing,not_moving,ok
367,0,0,0,0,true,standing,not_moving,ok
368,0,0,0,0,true,standing,not_moving,ok
369,0,0,0,0,true,standing,not_moving,ok
370,0,0,0,0,true,standing,not_moving,ok
371,0,0,0,0,true,standing,not_moving,ok
372,0,0,0,0,true,standing,not_moving,ok
373,0,0,0,0,true,standing,not_moving,ok
374,0,0,0,0,true,standing,not_moving,ok
375,0,0,0,0,true,standing,not_moving,ok
376,0,0,0,0,true,standing,not_moving,ok
377,0,0,0,0,true,standing,not_moving,ok
378,0,0,0,0,true,standing,not_moving,ok
379,0,0,0,0,true,standing,not_moving,ok
380,0,0,0,0,true,standing,not_moving,ok
381,0,0,0,0,true,standing,not_moving,ok
382,0,0,0,0,true,standing,not_moving,ok
383,0,0,0,0,true,standing,not_moving,ok
384,0,0,0,0,true,standing,not_moving,ok
385,0,0,0,0,true,standing,not_moving,ok
386,0,0,0,0,true,standing,not_moving,ok
387,0,0,0,0,true,standing,not_moving,ok
388,0,0,0,0,true,standing,not_moving,ok
389,0,0,0,0,true,standing,not_moving,ok
390,0,0,0,0,true,standing,not_moving,ok
391,0,0,0,0,true,standing,not_moving,ok
392,0,0,0,0,true,standing,not_moving,ok
393,0,0,0,0,true,standing,not_moving,ok
394,0,0,0,0,true,standing,not_moving,ok
395,0,0,0,0,true,standing,not_moving,ok
396,0,0,0,0,true,standing,not_moving,ok
397,0,0,0,0,true,standing,not_moving,ok
398,0,0,0,0,true,standing,not_moving,ok
399,0,0,0,0,true,standing,not_moving,ok
400,0,0,0,0,true,standing,not_moving,ok
401,0,0,0,0,true,standing,not_moving,ok
402,0,0,0,0,true,standing,not_moving,ok
403,0,0,0,0,true,standing,not_moving,ok
404,0,0,0,0,true,standing,not_moving,ok
405,0,0,0,0,true,standing,not_moving,ok
406,0,0,0,0,true,standing,not_moving,ok
407,0,0,0,0,true,standing,not_moving,ok
408,0,0,0,0,true,standing,not_moving,ok
409,0,0,0,0,true,standing,not_moving,ok
410,0,0,0,0,true,standing,not_moving,ok
411,0,0,0,0,true,standing,not_moving,ok
412,0,0,0,0,true,standing,not_moving,ok
413,0,0,0,0,true,standing,not_moving,ok
414,0,0,0,0,true,standing,not_moving,ok
415,0,0,0,0,true,standing,not_moving,ok
416,0,0,0,0,true,standing,not_moving,ok
417,0,0,0,0,true,standing,not_moving,ok
418,0,0,0,0,true,standing,not_moving,ok
419,0,0,0,0,true,standing,not_moving,ok
420,0,0,0,0,true,standing,not_moving,ok
421,0,0,0,0,true,standing,not_moving,ok
422,0,0,0,0,true,standing,not_moving,ok
423,0,0,0,0,true,standing,not_moving,ok
424,0,0,0,0,true,standing,not_moving,ok
425,0,0,0,0,true,standing,not_moving,ok
426,0,0,0,0,true,standing,not_moving,ok
427,0,0,0,0,true,standing,not_moving,ok
428,0,0,0,0,true,standing,not_moving,ok
429,0,0,0,0,true,standing,not_moving,ok
430,0,0,0,0,true,standing,not_moving,ok
431,0,0,0,0,true,standing,not_moving,ok
432,0,0,0,0,true,standing,not_moving,ok
433,0,0,0,0,true,standing,not_moving,ok
434,0,0,0,0,true,standing,not_moving,ok
435,0,0,0,0,true,standing,not_moving,ok
436,0,0,0,0,true,standing,not_moving,ok
437,0,0,0,0,true,standing,not_moving,ok
438,0,0,0,0,true,standing,not_moving,ok
439,0,0,0,0,true,standing,not_moving,ok
440,0,0,0,0,true,standing,not_moving,ok
441,0,0,0,0,true,standing,not_moving,ok
442,0,0,0,0,true,standing,not_moving,ok
443,0,0,0,0,true,standing,not_moving,ok
444,0,0,0,0,true,standing,not_moving,ok
445,0,0,0,0,true,standing,not_moving,ok
446,0,0,0,0,true,standing,not_moving,ok
447,0,0,0,0,true,standing,not_moving,ok
448,0,0,0,0,true,standing,not_moving,ok
449,0,0,0,0,true,standing,not_moving,ok
450,0,0,0,0,true,standing,not_moving,ok
451,0,0,0,0,true,standing,not_moving,ok
452,0,0,0,0,true,standing,not_moving,ok
453,0,0,0,0,true,standing,not_moving,ok
454,0,0,0,0,true,standing,not_moving,ok
455,0,0,0,0,true,standing,not_moving,ok
456,0,0,0,0,true,standing,not_moving,ok
457,0,0,0,0,true,standing,not_moving,ok
458,0,0,0,0,true,standing,not_moving,ok
459,0,0,0,0,true,standing,not_moving,ok
460,0,0,0,0,true,standing,not_moving,ok
461,0,0,0,0,true,standing,not_moving,ok
462,0,0,0,0,true,standing,not_moving,ok
463,0,0,0,0,true,standing,not_moving,ok
464,0,0,0,0,true,standing,not_moving,ok
465,0,0,0,0,true,standing,not_moving,ok
466,0,0,0,0,true,standing,not_moving,ok
467,0,0,0,0,true,standing,not_moving,ok
468,0,0,0,0,true,standing,not_moving,ok
469,0,0,0,0,true,standing,not_moving,ok
470,0,0,0,0,true,standing,not_moving,ok
471,0,0,0,0,true,standing,not_moving,ok
472,0,0,0,0,true,standing,not_moving,ok
473,0,0,0,0,true,standing,not_moving,ok
474,0,0,0,0,true,standing,not_moving,ok
475,0,0,0,0,true,standing,not_moving,ok
476,0,0,0,0,true,standing,not_moving,ok
477,0,0,0,0,true,standing,not_moving,ok
478,0,0,0,0,true,standing,not_moving,ok
479,0,0,0,0,true,standing,not_moving,ok
480,0,0,0,0,true,standing,not_moving,ok
481,0,0,0,0,true,standing,not_moving,ok
482,0,0,0,0,true,standing,not_moving,ok
483,0,0,0,0,true,standing,not_moving,ok
484,0,0,0,0,true,standing,not_moving,ok
485,0,0,0,0,true,standing,not_moving,ok
486,0,0,0,0,true,standing,not_moving,ok
487,0,0,0,0,true,standing,not_moving,ok
488,0,0,0,0,true,standing,not_moving,ok
489,0,0,0,0,true,standing,not_moving,ok
490,0,0,0,0,true,standing,not_moving,ok
491,0,0,0,0,true,standing,not_moving,ok
492,0,0,0,0,true,standing,not_moving,ok
493,0,0,0,0,true,standing,not_moving,ok
494,0,0,0,0,true,standing,not_moving,ok
495,0,0,0,0,true,standing,not_moving,ok
496,0,0,0,0,true,standing,not_moving,ok
497,0,0,0,0,true,standing,not_moving,ok
498,0,0,0,0,true,standing,not_moving,ok
499,0,0,0,0,true,standing,not_moving,ok
500,0,0,0,0,true,standing,not_moving,ok
501,0,0,0,0,true,standing,not_moving,ok
502,0,0,0,0,true,standing,not_moving,ok
503,0,0,0,0,true,standing,not_moving,ok
504,0,0,0,0,true,standing,not_moving,ok
505,0,0,0,0,true,standing,not_moving,ok
506,0,0,0,0,true,standing,not_moving,ok
507,0,0,0,0,true,standing,not_moving,ok
508,0,0,0,0,true,standing,not_moving,ok
509,0,0,0,0,true,standing,not_moving,ok
510,0,0,0,0,true,standing,not_moving,ok
511,0,0,0,0,true,standing,not_moving,ok
512,0,0,0,0,true,standing,not_moving,ok
513,0,0,0,0,true,standing,not_moving,ok
514,0,0,0,0,true,standing,not_moving,ok
515,0,0,0,0,true,standing,not_moving,ok
516,0,0,0,0,true,standing,not_moving,ok
517,0,0,0,0,true,standing,not_moving,ok
518,0,0,0,0,true,standing,not_moving,ok
519,0,0,0,0,true,standing,not_moving,ok
520,0,0,0,0,true,standing,not_moving,ok
521,0,0,0,0,true,standing,not_moving,ok
522,0,0,0,0,true,standing,not_moving,ok
523,0,0,0,0,true,standing,not_moving,ok
524,0,0,0,0,true,standing,not_moving,ok
525,0,0,0,0,true,standing,not_moving,ok
526,0,0,0,0,true,standing,not_moving,ok
527,0,0,0,0,true,standing,not_moving,ok
528,0,0,0,0,true,standing,not_moving,ok
529,0,0,0,0,true,standing,not_moving,ok
530,0,0,0,0,true,standing,not_moving,ok
531,0,0,0,0,true,standing,not_moving,ok
532,0,0,0,0,true,standing,not_moving,ok
533,0,0,0,0,true,standing,not_moving,ok
534,0,0,0,0,true,standing,not_moving,ok
535,0,0,0,0,true,standing,not_moving,ok
536,0,0,0,0,true,standing,not_moving,ok
537,0,0,0,0,true,standing,not_moving,ok
538,0,0,0,0,true,standing,not_moving,ok
539,0,0,0,0,true,standing,not_moving,ok
540,0,0,0,0,true,standing,not_moving,ok
541,0,0,0,0,true,standing,not_moving,ok
542,0,0,0,0,true,standing,not_moving,ok
543,0,0,0,0,true,standing,not_moving,ok
544,0,0,0,0,true,standing,not_moving,ok
545,0,0,0,0,true,standing,not_moving,ok
546,0,0,0,0,true,standing,not_moving,ok
547,0,0,0,0,true,standing,not_moving,ok
548,0,0,0,0,true,standing,not_moving,ok
549,0,0,0,0,true,standing,not_moving,ok
550,0,0,0,0,true,standing,not_moving,ok
551,0,0,0,0,true,standing,not_moving,ok
552,0,0,0,0,true,standing,not_moving,ok
553,0,0,0,0,true,standing,not_moving,ok
554,0,0,0,0,true,standing,not_moving,ok
555,0,0,0,0,true,standing,not_moving,ok
556,0,0,0,0,true,standing,not_moving,ok
557,0,0,0,0,true,standing,not_moving,ok
558,0,0,0,0,true,standing,not_moving,ok
559,0,0,0,0,true,standing,not_moving,ok
560,0,0,0,0,true,standing,not_moving,ok
561,0,0,0,0,true,standing,not_moving,ok
562,0,0,0,0,true,standing,not_moving,ok
563,0,0,0,0,true,standing,not_moving,ok
564,0,0,0,0,true,standing,not_moving,ok
565,0,0,0,0,true,standing,not_moving,ok
566,0,0,0,0,true,standing,not_moving,ok
567,0,0,0,0,true,standing,not_moving,ok
568,0,0,0,0,true,standing,not_moving,ok
569,0,0,0,0,true,standing,not_moving,ok
570,0,0,0,0,true,standing,not_moving,ok
571,0,0,0,0,true,standing,not_moving,ok
572,0,0,0,0,true,standing,not_moving,ok
573,0,0,0,0,true,standing,not_moving,ok
574,0,0,0,0,true,standing,not_moving,ok
575,0,0,0,0,true,standing,not_moving,ok
576,0,0,0,0,true,standing,not_moving,ok
577,0,0,0,0,true,standing,not_moving,ok
578,0,0,0,0,true,standing,not_moving,ok
579,0,0,0,0,true,standing,not_moving,ok
580,0,0,0,0,true,standing,not_moving,ok
581,0,0,0,0,true,standing,not_moving,ok
582,0,0,0,0,true,standing,not_moving,ok
583,0,0,0,0,true,standing,not_moving,ok
584,0,0,0,0,true,standing,not_moving,ok
585,0,0,0,0,true,standing,not_moving,ok
586,0,0,0,0,true,standing,not_moving,ok
587,0,0,0,0,true,standing,not_moving,ok
588,0,0,0,0,true,standing,not_moving,ok
589,0,0,0,0,true,standing,not_moving,ok
590,0,0,0,0,true,standing,not_moving,ok
591,0,0,0,0,true,standing,not_moving,ok
592,0,0,0,0,true,standing,not_moving,ok
593,0,0,0,0,true,standing,not_moving,ok
594,0,0,0,0,true,standing,not_moving,ok
595,0,0,0,0,true,standing,not_moving,ok
596,0,0,0,0,true,standing,not_moving,ok
597,0,0,0,0,true,standing,not_moving,ok
598,0,0,0,0,true,standing,not_moving,ok
599,0,0,0,0,true,standing,not_moving,ok
600,0,0,0,0,true,standing,not_moving,ok
601,0,0,0,0,true,standing,not_moving,ok
602,0,0,0,0,true,standing,not_moving,ok
603,0,0,0,0,true,standing,not_moving,ok
604,0,0,0,0,true,standing,not_moving,ok
605,0,0,0,0,true,standing,not_moving,ok
606,0,0,0,0,true,standing,not_moving,ok
607,0,0,0,0,true,standing,not_moving,ok
608,0,0,0,0,true,standing,not_moving,ok
609,0,0,0,0,true,standing,not_moving,ok
610,0,0,0,0,true,standing,not_moving,ok
611,0,0,0,0,true,standing,not_moving,ok
612,0,0,0,0,true,standing,not_moving,ok
613,0,0,0,0,true,standing,not_moving,ok
614,0,0,0,0,true,standing,not_moving,ok
615,0,0,0,0,true,standing,not_moving,ok
616,0,0,0,0,true,standing,not_moving,ok
617,0,0,0,0,true,standing,not_moving,ok
618,0,0,0,0,true,standing,not_moving,ok
619,0,0,0,0,true,standing,not_moving,ok
620,0,0,0,0,true,standing,not_moving,ok
621,0,0,0,0,true,standing,not_moving,ok
622,0,0,0,0,true,standing,not_moving,ok
623,0,0,0,0,true,standing,not_moving,ok
624,0,0,0,0,true,standing,not_moving,ok
625,0,0,0,0,true,standing,not_moving,ok
626,0,0,0,0,true,standing,not_moving,ok
627,0,0,0,0,true,standing,not_moving,ok
628,0,0,0,0,true,standing,not_moving,ok
629,0,0,0,0,true,standing,not_moving,ok
630,0,0,0,0,true,standing,not_moving,ok
631,0,0,0,0,true,standing,not_moving,ok
632,0,0,0,0,true,standing,not_moving,ok
633,0,0,0,0,true,standing,not_moving,ok
634,0,0,0,0,true,standing,not_moving,ok
635,0,0,0,0,true,standing,not_moving,ok
636,0,0,0,0,true,standing,not_moving,ok
637,0,0,0,0,true,standing,not_moving,ok
638,0,0,0,0,true,standing,not_moving,ok
639,0,0,0,0,true,standing,not_moving,ok
640,0,0,0,0,true,standing,not_moving,ok
641,0,0,0,0,true,standing,not_moving,ok
642,0,0,0,0,true,standing,not_moving,ok
643,0,0,0,0,true,standing,not_moving,ok
644,0,0,0,0,true,standing,not_moving,ok
645,0,0,0,0,true,standing,not_moving,ok
646,0,0,0,0,true,standing,not_moving,ok
647,0,0,0,0,true,standing,not_moving,ok
648,0,0,0,0,true,standing,not_moving,ok
649,0,0,0,0,true,standing,not_moving,ok
650,0,0,0,0,true,standing,not_moving,ok
651,0,0,0,0,true,standing,not_moving,ok
652,0,0,0,0,true,standing,not_moving,ok
653,0,0,0,0,true,standing,not_moving,ok
654,0,0,0,0,true,standing,not_moving,ok
655,0,0,0,0,true,standing,not_moving,ok
656,0,0,0,0,true,standing,not_moving,ok
657,0,0,0,0,true,standing,not_moving,ok
658,0,0,0,0,true,standing,not_moving,ok
659,0,0,0,0,true,standing,not_moving,ok
660,0,0,0,0,true,standing,not_moving,ok
661,0,0,0,0,true,standing,not_moving,ok
662,0,0,0,0,true,standing,not_moving,ok
663,0,0,0,0,true,standing,not_moving,ok
664,0,0,0,0,true,standing,not_moving,ok
665,0,0,0,0,true,standing,not_moving,ok
666,0,0,0,0,true,standing,not_moving,ok
667,0,0,0,0,true,standing,not_moving,ok
668,0,0,0,0,true,standing,not_moving,ok
669,0,0,0,0,true,standing,not_moving,ok
670,0,0,0,0,true,standing,not_moving,ok
671,0,0,0,0,true,standing,not_moving,ok
672,0,0,0,0,true,standing,not_moving,ok
673,0,0,0,0,true,standing,not_moving,ok
674,0,0,0,0,true,standing,not_moving,ok
675,0,0,0,0,true,standing,not_moving,ok
676,0,0,0,0,true,standing,not_moving,ok
677,0,0,0,0,true,standing,not_moving,ok
678,0,0,0,0,true,standing,not_moving,ok
679,0,0,0,0,true,standing,not_moving,ok
680,0,0,0,0,true,standing,not_moving,ok
681,0,0,0,0,true,standing,not_moving,ok
682,0,0,0,0,true,standing,not_moving,ok
683,0,0,0,0,true,standing,not_moving,ok
684,0,0,0,0,true,standing,not_moving,ok
685,0,0,0,0,true,standing,not_moving,ok
686,0,0,0,0,true,standing,not_moving,ok
687,0,0,0,0,true,standing,not_moving,ok
688,0,0,0,0,true,standing,not_moving,ok
689,0,0,0,0,true,standing,not_moving,ok
690,0,0,0,0,true,standing,not_moving,ok
691,0,0,0,0,true,standing,not_moving,ok
692,0,0,0,0,true,standing,not_moving,ok
693,0,0,0,0,true,standing,not_moving,ok
694,0,0,0,0,true,standing,not_moving,ok
695,0,0,0,0,true,standing,not_moving,ok
696,0,0,0,0,true,standing,not_moving,ok
697,0,0,0,0,true,standing,not_moving,ok
698,0,0,0,0,true,standing,not_moving,ok
699,0,0,0,0,true,standing,not_moving,ok
700,0,0,0,0,true,standing,not_moving,ok
701,0,0,0,0,true,standing,not_moving,ok
702,0,0,0,0,true,standing,not_moving,ok
703,0,0,0,0,true,standing,not_moving,ok
704,0,0,0,0,true,standing,not_moving,ok
705,0,0,0,0,true,standing,not_moving,ok
706,0,0,0,0,true,standing,not_moving,ok
707,0,0,0,0,true,standing,not_moving,ok
708,0,0,0,0,true,standing,not_moving,ok
709,0,0,0,0,true,standing,not_moving,ok
710,0,0,0,0,true,standing,not_moving,ok
711,0,0,0,0,true,standing,not_moving,ok
712,0,0,0,0,true,standing,not_moving,ok
713,0,0,0,0,true,standing,not_moving,ok
714,0,0,0,0,true,standing,not_moving,ok
715,0,0,0,0,true,standing,not_moving,ok
716,0,0,0,0,true,standing,not_moving,ok
717,0,0,0,0,true,standing,not_moving,ok
718,0,0,0,0,true,standing,not_moving,ok
719,0,0,0,0,true,standing,not_moving,ok
720,0,0,0,0,true,standing,not_moving,ok
721,0,0,0,0,true,standing,not_moving,ok
722,0,0,0,0,true,standing,not_moving,ok
723,0,0,0,0,true,standing,not_moving,ok
724,0,0,0,0,true,standing,not_moving,ok
725,0,0,0,0,true,standing,not_moving,ok
726,0,0,0,0,true,standing,not_moving,ok
727,0,0,0,0,true,standing,not_moving,ok
728,0,0,0,0,true,standing,not_moving,ok
729,0,0,0,0,true,standing,not_moving,ok
730,0,0,0,0,true,standing,not_moving,ok
731,0,0,0,0,true,standing,not_moving,ok
732,0,0,0,0,true,standing,not_moving,ok
733,0,0,0,0,true,standing,not_moving,ok
734,0,0,0,0,true,standing,not_moving,ok
735,0,0,0,0,true,standing,not_moving,ok
736,0,0,0,0,true,standing,not_moving,ok
737,0,0,0,0,true,standing,not_moving,ok
738,0,0,0,0,true,standing,not_moving,ok
739,0,0,0,0,true,standing,not_moving,ok
740,0,0,0,0,true,standing,not_moving,ok
741,0,0,0,0,true,standing,not_moving,ok
742,0,0,0,0,true,standing,not_moving,ok
743,0,0,0,0,true,standing,not_moving,ok
744,0,0,0,0,true,standing,not_moving,ok
745,0,0,0,0,true,standing,not_moving,ok
746,0,0,0,0,true,standing,not_moving,ok
747,0,0,0,0,true,standing,not_moving,ok
748,0,0,0,0,true,standing,not_moving,ok
749,0,0,0,0,true,standing,not_moving,ok
750,0,0,0,0,true,standing,not_moving,ok
751,0,0,0,0,true,standing,not_moving,ok
752,0,0,0,0,true,standing,not_moving,ok
753,0,0,0,0,true,standing,not_moving,ok
754,0,0,0,0,true,standing,not_moving,ok
755,0,0,0,0,true,standing,not_moving,ok
756,0,0,0,0,true,standing,not_moving,ok
757,0,0,0,0,true,standing,not_moving,ok
758,0,0,0,0,true,standing,not_moving,ok
759,0,0,0,0,true,standing,not_moving,ok
760,0,0,0,0,true,standing,not_moving,ok
761,0,0,0,0,true,standing,not_moving,ok
762,0,0,0,0,true,standing,not_moving,ok
763,0,0,0,0,true,standing,not_moving,ok
764,0,0,0,0,true,standing,not_moving,ok
765,0,0,0,0,true,standing,not_moving,ok
766,0,0,0,0,true,standing,not_moving,ok
767,0,0,0,0,true,standing,not_moving,ok
768,0,0,0,0,true,standing,not_moving,ok
769,0,0,0,0,true,standing,not_moving,ok
770,0,0,0,0,true,standing,not_moving,ok
771,0,0,0,0,true,standing,not_moving,ok
772,0,0,0,0,true,standing,not_moving,ok
773,0,0,0,0,true,standing,not_moving,ok
774,0,0,0,0,true,standing,not_moving,ok
775,0,0,0,0,true,standing,not_moving,ok
776,0,0,0,0,true,standing,not_moving,ok
777,0,0,0,0,true,standing,not_moving,ok
778,0,0,0,0,true,standing,not_moving,ok
779,0,0,0,0,true,standing,not_moving,ok
780,0,0,0,0,true,standing,not_moving,ok
781,0,0,0,0,true,standing,not_moving,ok
782,0,0,0,0,true,standing,not_moving,ok
783,0,0,0,0,true,standing,not_moving,ok
784,0,0,0,0,true,standing,not_moving,ok
785,0,0,0,0,true,standing,not_moving,ok
786,0,0,0,0,true,standing,not_moving,ok
787,0,0,0,0,true,standing,not_moving,ok
788,0,0,0,0,true,standing,not_moving,ok
789,0,0,0,0,true,standing,not_moving,ok
790,0,0,0,0,true,standing,not_moving,ok
791,0,0,0,0,true,standing,not_moving,ok
792,0,0,0,0,true,standing,not_moving,ok
793,0,0,0,0,true,standing,not_moving,ok
794,0,0,0,0,true,standing,not_moving,ok
795,0,0,0,0,true,standing,not_moving,ok
796,0,0,0,0,true,standing,not_moving,ok
797,0,0,0,0,true,standing,not_moving,ok
798,0,0,0,0,true,standing,not_moving,ok
799,0,0,0,0,true,standing,not_moving,ok
800,0,0,0,0,true,standing,not_moving,ok
801,0,0,0,0,true,standing,not_moving,ok
802,0,0,0,0,true,standing,not_moving,ok
803,0,0,0,0,true,standing,not_moving,ok
804,0,0,0,0,true,standing,not_moving,ok
805,0,0,0,0,true,standing,not_moving,ok
806,0,0,0,0,true,standing,not_moving,ok
807,0,0,0,0,true,standing,not_moving,ok
808,0,0,0,0,true,standing,not_moving,ok
809,0,0,0,0,true,standing,not_moving,ok
810,0,0,0,0,true,standing,not_moving,ok
811,0,0,0,0,true,standing,not_moving,ok
812,0,0,0,0,true,standing,not_moving,ok
813,0,0,0,0,true,standing,not_moving,ok
814,0,0,0,0,true,standing,not_moving,ok
815,0,0,0,0,true,standing,not_moving,ok
816,0,0,0,0,true,standing,not_moving,ok
817,0,0,0,0,true,standing,not_moving,ok
818,0,0,0,0,true,standing,not_moving,ok
819,0,0,0,0,true,standing,not_moving,ok
820,0,0,0,0,true,standing,not_moving,ok
821,0,0,0,0,true,standing,not_moving,ok
822,0,0,0,0,true,standing,not_moving,ok
823,0,0,0,0,true,standing,not_moving,ok
824,0,0,0,0,true,standing,not_moving,ok
825,0,0,0,0,true,standing,not_moving,ok
826,0,0,0,0,true,standing,not_moving,ok
827,0,0,0,0,true,standing,not_moving,ok
828,0,0,0,0,true,standing,not_moving,ok
829,0,0,0,0,true,standing,not_moving,ok
830,0,0,0,0,true,standing,not_moving,ok
831,0,0,0,0,true,standing,not_moving,ok
832,0,0,0,0,true,standing,not_moving,ok
833,0,0,0,0,true,standing,not_moving,ok
834,0,0,0,0,true,standing,not_moving,ok
835,0,0,0,0,true,standing,not_moving,ok
836,0,0,0,0,true,standing,not_moving,ok
837,0,0,0,0,true,standing,not_moving,ok
838,0,0,0,0,true,standing,not_moving,ok
839,0,0,0,0,true,standing,not_moving,ok
840,0,0,0,0,true,standing,not_moving,ok
841,0,0,0,0,true,standing,not_moving,ok
842,0,0,0,0,true,standing,not_moving,ok
843,0,0,0,0,true,standing,not_moving,ok
844,0,0,0,0,true,standing,not_moving,ok
845,0,0,0,0,true,standing,not_moving,ok
846,0,0,0,0,true,standing,not_moving,ok
847,0,0,0,0,true,standing,not_moving,ok
848,0,0,0,0,true,standing,not_moving,ok
849,0,0,0,0,true,standing,not_moving,ok
850,0,0,0,0,true,standing,not_moving,ok
851,0,0,0,0,true,standing,not_moving,ok
852,0,0,0,0,true,standing,not_moving,ok
853,0,0,0,0,true,standing,not_moving,ok
854,0,0,0,0,true,standing,not_moving,ok
855,0,0,0,0,true,standing,not_moving,ok
856,0,0,0,0,true,standing,not_moving,ok
857,0,0,0,0,true,standing,not_moving,ok
858,0,0,0,0,true,standing,not_moving,ok
859,0,0,0,0,true,standing,not_moving,ok
860,0,0,0,0,true,standing,not_moving,ok
861,0,0,0,0,true,standing,not_moving,ok
862,0,0,0,0,true,standing,not_moving,ok
863,0,0,0,0,true,standing,not_moving,ok
864,0,0,0,0,true,standing,not_moving,ok
865,0,0,0,0,true,standing,not_moving,ok
866,0,0,0,0,true,standing,not_moving,ok
867,0,0,0,0,true,standing,not_moving,ok
868,0,0,0,0,true,standing,moving,ok
869,0,0,0,0,true,standing,moving,ok
870,0,0,0,0,true,standing,moving,ok
871,0,0,0,0,true,standing,moving,ok
872,0,0,0,0,true,standing,moving,ok
873,0,0,0,0,true,standing,moving,ok
874,0,0,0,0,true,standing,moving,ok
875,0,0,0,0,true,standing,moving,ok
876,0,0,0,0,true,standing,moving,ok
877,0,0,0,0,true,standing,moving,ok
878,0,0,0,0,true,standing,moving,ok
879,0,0,0,0,true,standing,moving,ok
880,0,0,0,0,true,standing,moving,ok
881,0,0,0,0,true,standing,moving,ok
882,0,0,0,0,true,standing,moving,ok
883,0,0,0,0,true,standing,moving,ok
884,0,0,0,0,true,standing,moving,ok
885,0,0,0,0,true,standing,moving,ok
886,0,0,0,0,true,standing,moving,ok
887,0,0,0,0,true,standing,moving,ok
888,0,0,0,0,true,standing,moving,ok
889,0,0,0,0,true,standing,moving,ok
890,0,0,0,0,true,standing,moving,ok
891,0,0,0,0,true,standing,moving,ok
892,0,0,0,0,true,standing,moving,ok
893,0,0,0,0,true,standing,moving,ok
894,0,0,0,0,true,standing,moving,ok
895,0,0,0,0,true,standing,moving,ok
896,0,0,0,0,true,standing,moving,ok
897,0,0,0,0,true,standing,moving,ok
898,0,0,0,0,true,standing,moving,ok
899,0,0,0,0,true,standing,moving,ok
900,0,0,0,0,true,standing,moving,ok
901,0,0,0,0,true,standing,moving,ok
902,0,0,0,0,true,standing,moving,ok
903,0,0,0,0,true,standing,moving,ok
904,0,0,0,0,true,standing,moving,ok
905,0,0,0,0,true,standing,moving,ok
906,0,0,0,0,true,standing,moving,ok
907,0,0,0,0,true,standing,moving,ok
908,0,0,0,0,true,standing,moving,ok
909,0,0,0,0,true,standing,moving,ok
910,0,0,0,0,true,standing,moving,ok
911,0,0,0,0,true,standing,moving,ok
912,0,0,0,0,true,standing,moving,ok
913,0,0,0,0,true,standing,moving,ok
914,0,0,0,0,true,standing,moving,ok
915,0,0,0,0,true,standing,moving,ok
916,0,0,0,0,true,standing,moving,ok
917,0,0,0,0,true,standing,moving,ok
918,0,0,0,0,true,standing,not_moving,ok
919,0,0,0,0,true,standing,not_moving,ok
920,0,0,0,0,true,standing,not_moving,ok
921,0,0,0,0,true,standing,not_moving,ok
922,0,0,0,0,true,standing,not_moving,ok
923,0,0,0,0,true,standing,not_moving,ok
924,0,0,0,0,true,standing,not_moving,ok
925,0,0,0,0,true,standing,not_moving,ok
926,0,0,0,0,true,standing,not_moving,ok
927,0,0,0,0,true,standing,not_moving,ok
928,0,0,0,0,true,standing,not_moving,ok
929,0,0,0,0,true,standing,not_moving,ok
930,0,0,0,0,true,standing,not_moving,ok
931,0,0,0,0,true,standing,not_moving,ok
932,0,0,0,0,true,standing,not_moving,ok
933,0,0,0,0,true,standing,not_moving,ok
934,0,0,0,0,true,standing,not_moving,ok
935,0,0,0,0,true,standing,not_moving,ok
936,0,0,0,0,true,standing,not_moving,ok
937,0,0,0,0,true,standing,not_moving,ok
938,0,0,0,0,true,standing,not_moving,ok
939,0,0,0,0,true,standing,moving,ok
940,0,0,0,0,true,standing,moving,ok
941,0,0,0,0,true,standing,moving,ok
942,0,0,0,0,true,standing,moving,ok
943,0,0,0,0,true,standing,moving,ok
944,0,0,0,0,true,standing,moving,ok
945,0,0,0,0,true,standing,moving,ok
946,0,0,0,0,true,standing,moving,ok
947,0,0,0,0,true,standing,moving,ok
948,0,0,0,0,true,standing,moving,ok
949,0,0,0,0,true,standing,moving,ok
950,0,0,0,0,true,standing,moving,ok
951,0,0,0,0,true,standing,moving,ok
952,0,0,0,0,true,standing,moving,ok
953,0,0,0,0,true,standing,moving,ok
954,0,0,0,0,true,standing,moving,ok
955,0,0,0,0,true,standing,moving,ok
956,0,0,0,0,true,standing,moving,ok
957,0,0,0,0,true,standing,moving,ok
958,0,0,0,0,true,standing,moving,ok
959,0,0,0,0,true,standing,moving,ok
960,0,0,0,0,true,standing,moving,ok
961,0,0,0,0,true,standing,moving,ok
962,0,0,0,0,true,standing,moving,ok
963,0,0,0,0,true,standing,moving,ok
964,0,0,0,0,true,standing,moving,ok
965,0,0,0,0,true,standing,moving,ok
966,0,0,0,0,true,standing,moving,ok
967,0,0,0,0,true,standing,moving,ok
968,0,0,0,0,true,standing,moving,ok
969,0,0,0,0,true,standing,not_moving,ok
970,0,0,0,0,true,standing,not_moving,ok
971,0,0,0,0,true,standing,not_moving,ok
972,0,0,0,0,true,standing,not_moving,ok
973,0,0,0,0,true,standing,not_moving,ok
974,0,0,0,0,true,standing,not_moving,ok
975,0,0,0,0,true,standing,not_moving,ok
976,0,0,0,0,true,standing,not_moving,ok
977,0,0,0,0,true,standing,not_moving,ok
978,0,0,0,0,true,standing,not_moving,ok
979,0,0,0,0,true,standing,not_moving,ok
980,0,0,0,0,true,standing,not_moving,ok
981,0,0,0,0,true,standing,not_moving,ok
982,0,0,0,0,true,standing,not_moving,ok
983,0,0,0,0,true,standing,not_moving,ok
984,0,0,0,0,true,standing,not_moving,ok
985,0,0,0,0,true,standing,not_moving,ok
986,0,0,0,0,true,standing,not_moving,ok
987,0,0,0,0,true,standing,not_moving,ok
988,0,0,0,0,true,standing,not_moving,ok
989,0,0,0,0,true,standing,not_moving,ok
990,0,0,0,0,true,standing,not_moving,ok
991,0,0,0,0,true,standing,not_moving,ok
992,0,0,0,0,true,standing,not_moving,ok
993,0,0,0,0,true,standing,not_moving,ok
994,0,0,0,0,true,standing,not_moving,ok
995,0,0,0,0,true,standing,not_moving,ok
996,0,0,0,0,true,standing,not_moving,ok
997,0,0,0,0,true,standing,not_moving,ok
998,0,0,0,0,true,standing,not_moving,ok
999,0,0,0,0,true,standing,not_moving,ok
1000,0,0,0,0,true,standing,not_moving,ok
1001,0,0,0,0,true,standing,not_moving,ok
1002,0,0,0,0,true,standing,not_moving,ok
1003,0,0,0,0,true,standing,not_moving,ok
1004,0,0,0,0,true,standing,not_moving,ok
1005,0,0,0,0,true,standing,not_moving,ok
1006,0,0,0,0,true,standing,not_moving,ok
1007,0,0,0,0,true,standing,not_moving,ok
1008,0,0,0,0,true,standing,not_moving,ok
1009,0,0,0,0,true,standing,not_moving,ok
1010,0,0,0,0,true,standing,not_moving,ok
1011,0,0,0,0,true,standing,not_moving,ok
1012,0,0,0,0,true,standing,not_moving,ok
1013,0,0,0,0,true,standing,not_moving,ok
1014,0,0,0,0,true,standing,not_moving,ok
1015,0,0,0,0,true,standing,not_moving,ok
1016,0,0,0,0,true,standing,not_moving,ok
1017,0,0,0,0,true,standing,not_moving,ok
1018,0,0,0,0,true,standing,not_moving,ok
1019,0,0,0,0,true,standing,moving,ok
1020,0,0,0,0,true,standing,moving,ok
1021,0,0,0,0,true,standing,moving,ok
1022,0,0,0,0,true,standing,moving,ok
1023,0,0,0,0,true,standing,moving,ok
1024,0,0,0,0,true,standing,moving,ok
1025,0,0,0,0,true,standing,moving,ok
1026,0,0,0,0,true,standing,moving,ok
1027,0,0,0,0,true,standing,moving,ok
1028,0,0,0,0,true,standing,moving,ok
1029,0,0,0,0,true,standing,moving,ok
1030,0,0,0,0,true,standing,moving,ok
1031,0,0,0,0,true,standing,moving,ok
1032,0,0,0,0,true,standing,moving,ok
1033,0,0,0,0,true,standing,moving,ok
1034,0,0,0,0,true,standing,moving,ok
1035,0,0,0,0,true,standing,moving,ok
1036,0,0,0,0,true,standing,moving,ok
1037,0,0,0,0,true,standing,moving,ok
1038,0,0,0,0,true,standing,moving,ok
1039,0,0,0,0,true,standing,moving,ok
1040,0,0,0,0,true,standing,moving,ok
1041,0,0,0,0,true,standing,moving,ok
1042,0,0,0,0,true,standing,moving,ok
1043,0,0,0,0,true,standing,moving,ok
1044,0,0,0,0,true,standing,moving,ok
1045,0,0,0,0,true,standing,moving,ok
1046,0,0,0,0,true,standing,moving,ok
1047,0,0,0,0,true,standing,moving,ok
1048,0,0,0,0,true,standing,moving,ok
1049,0,0,0,0,true,standing,moving,ok
1050,0,0,0,0,true,standing,moving,ok
1051,0,0,0,0,true,standing,moving,ok
1052,0,0,0,0,true,standing,moving,ok
1053,0,0,0,0,true,standing,moving,ok
1054,0,0,0,0,true,standing,moving,ok
1055,0,0,0,0,true,standing,moving,ok
1056,0,0,0,0,true,standing,moving,ok
1057,0,0,0,0,true,standing,moving,ok
1058,0,0,0,0,true,standing,moving,ok
1059,0,0,0,0,true,standing,not_moving,ok
1060,0,0,0,0,true,standing,not_moving,ok
1061,0,0,0,0,true,standing,not_moving,ok
1062,0,0,0,0,true,standing,not_moving,ok
1063,0,0,0,0,true,standing,not_moving,ok
1064,0,0,0,0,true,standing,not_moving,ok
1065,0,0,0,0,true,standing,not_moving,ok
1066,0,0,0,0,true,standing,not_moving,ok
1067,0,0,0,0,true,standing,not_moving,ok
1068,0,0,0,0,true,standing,not_moving,ok
1069,0,0,0,0,true,standing,not_moving,ok
1070,0,0,0,0,true,standing,not_moving,ok
1071,0,0,0,0,true,standing,not_moving,ok
1072,0,0,0,0,true,standing,not_moving,ok
1073,0,0,0,0,true,standing,not_moving,ok
1074,0,0,0,0,true,standing,not_moving,ok
1075,0,0,0,0,true,standing,not_moving,ok
1076,0,0,0,0,true,standing,not_moving,ok
1077,0,0,0,0,true,standing,not_moving,ok
1078,0,0,0,0,true,standing,not_moving,ok
1079,0,0,0,0,true,standing,not_moving,ok
1080,0,0,0,0,true,standing,not_moving,ok
1081,0,0,0,0,true,standing,not_moving,ok
1082,0,0,0,0,true,standing,not_moving,ok
1083,0,0,0,0,true,standing,not_moving,ok
1084,0,0,0,0,true,standing,not_moving,ok
1085,0,0,0,0,true,standing,not_moving,ok
1086,0,0,0,0,true,standing,not_moving,ok
1087,0,0,0,0,true,standing,not_moving,ok
1088,0,0,0,0,true,standing,not_moving,ok
1089,0,0,0,0,true,standing,not_moving,ok
1090,0,0,0,0,true,standing,not_moving,ok
1091,0,0,0,0,true,standing,not_moving,ok
1092,0,0,0,0,true,standing,not_moving,ok
1093,0,0,0,0,true,standing,not_moving,ok
1094,0,0,0,0,true,standing,not_moving,ok
1095,0,0,0,0,true,standing,not_moving,ok
1096,0,0,0,0,true,standing,not_moving,ok
1097,0,0,0,0,true,standing,not_moving,ok
1098,0,0,0,0,true,standing,not_moving,ok
1099,0,0,0,0,true,standing,not_moving,ok
1100,0,0,0,0,true,standing,not_moving,ok
1101,0,0,0,0,true,standing,not_moving,ok
1102,0,0,0,0,true,standing,not_moving,ok
1103,0,0,0,0,true,standing,not_moving,ok
1104,0,0,0,0,true,standing,not_moving,ok
1105,0,0,0,0,true,standing,not_moving,ok
1106,0,0,0,0,true,standing,not_moving,ok
1107,0,0,0,0,true,standing,not_moving,ok
1108,0,0,0,0,true,standing,not_moving,ok
1109,0,0,0,0,true,standing,not_moving,ok
1110,0,0,0,0,true,standing,not_moving,ok
1111,0,0,0,0,true,standing,not_moving,ok
1112,0,0,0,0,true,standing,not_moving,ok
1113,0,0,0,0,true,standing,not_moving,ok
1114,0,0,0,0,true,standing,not_moving,ok
1115,0,0,0,0,true,standing,not_moving,ok
1116,0,0,0,0,true,standing,not_moving,ok
1117,0,0,0,0,true,standing,not_moving,ok
1118,0,0,0,0,true,standing,not_moving,ok
1119,0,0,0,0,true,standing,not_moving,ok
1120,0,0,0,0,true,standing,not_moving,ok
1121,0,0,0,0,true,standing,not_moving,ok
1122,0,0,0,0,true,standing,not_moving,ok
1123,0,0,0,0,true,standing,not_moving,ok
1124,0,0,0,0,true,standing,not_moving,ok
1125,0,0,0,0,true,standing,not_moving,ok
1126,0,0,0,0,true,standing,not_moving,ok
1127,0,0,0,0,true,standing,not_moving,ok
1128,0,0,0,0,true,standing,not_moving,ok
1129,0,0,0,0,true,standing,moving,ok
1130,0,0,0,0,true,standing,moving,ok
1131,0,0,0,0,true,standing,moving,ok
1132,0,0,0,0,true,standing,moving,ok
1133,0,0,0,0,true,standing,moving,ok
1134,0,0,0,0,true,standing,moving,ok
1135,0,0,0,0,true,standing,moving,ok
1136,0,0,0,0,true,standing,moving,ok
1137,0,0,0,0,true,standing,moving,ok
1138,0,0,0,0,true,standing,moving,ok
1139,0,0,0,0,true,standing,moving,ok
1140,0,0,0,0,true,standing,moving,ok
1141,0,0,0,0,true,standing,moving,ok
1142,0,0,0,0,true,standing,moving,ok
1143,0,0,0,0,true,standing,moving,ok
1144,0,0,0,0,true,standing,moving,ok
1145,0,0,0,0,true,standing,moving,ok
1146,0,0,0,0,true,standing,moving,ok
1147,0,0,0,0,true,standing,moving,ok
1148,0,0,0,0,true,standing,moving,ok
1149,0,0,0,0,true,standing,moving,ok
1150,0,0,0,0,true,standing,moving,ok
1151,0,0,0,0,true,standing,moving,ok
1152,0,0,0,0,true,standing,moving,ok
1153,0,0,0,0,true,standing,moving,ok
1154,0,0,0,0,true,standing,moving,ok
1155,0,0,0,0,true,standing,moving,ok
1156,0,0,0,0,true,standing,moving,ok
1157,0,0,0,0,true,standing,moving,ok
1158,0,0,0,0,true,standing,moving,ok
1159,0,0,0,0,true,standing,moving,ok
1160,0,0,0,0,true,standing,moving,ok
1161,0,0,0,0,true,standing,moving,ok
1162,0,0,0,0,true,standing,moving,ok
1163,0,0,0,0,true,standing,moving,ok
1164,0,0,0,0,true,standing,moving,ok
1165,0,0,0,0,true,standing,moving,ok
1166,0,0,0,0,true,standing,moving,ok
1167,0,0,0,0,true,standing,moving,ok
1168,0,0,0,0,true,standing,moving,ok
1169,0,0,0,0,true,standing,moving,ok
1170,0,0,0,0,true,standing,moving,ok
1171,0,0,0,0,true,standing,moving,ok
1172,0,0,0,0,true,standing,moving,ok
1173,0,0,0,0,true,standing,moving,ok
1174,0,0,0,0,true,standing,moving,ok
1175,0,0,0,0,true,standing,moving,ok
1176,0,0,0,0,true,standing,moving,ok
1177,0,0,0,0,true,standing,moving,ok
1178,0,0,0,0,true,standing,moving,ok
1179,0,0,0,0,true,standing,moving,ok
1180,0,0,0,0,true,standing,moving,ok
1181,0,0,0,0,true,standing,moving,ok
1182,0,0,0,0,true,standing,moving,ok
1183,0,0,0,0,true,standing,moving,ok
1184,0,0,0,0,true,standing,moving,ok
1185,0,0,0,0,true,standing,moving,ok
1186,0,0,0,0,true,standing,moving,ok
1187,0,0,0,0,true,standing,moving,ok
1188,0,0,0,0,true,standing,moving,ok
1189,0,0,0,0,true,standing,moving,ok
1190,0,0,0,0,true,standing,moving,ok
1191,0,0,0,0,true,standing,moving,ok
1192,0,0,0,0,true,standing,moving,ok
1193,0,0,0,0,true,standing,moving,ok
1194,0,0,0,0,true,standing,moving,ok
1195,0,0,0,0,true,standing,moving,ok
1196,0,0,0,0,true,standing,moving,ok
1197,0,0,0,0,true,standing,moving,ok
1198,0,0,0,0,true,standing,moving,ok
1199,0,0,0,0,true,standing,moving,ok
1200,0,0,0,0,true,standing,moving,ok
1201,0,0,0,0,true,standing,moving,ok
1202,0,0,0,0,true,standing,moving,ok
1203,0,0,0,0,true,standing,moving,ok
1204,0,0,0,0,true,standing,moving,ok
1205,0,0,0,0,true,standing,moving,ok
1206,0,0,0,0,true,standing,moving,ok
1207,0,0,0,0,true,standing,moving,ok
1208,0,0,0,0,true,standing,moving,ok
1209,0,0,0,0,true,standing,moving,ok
1210,0,0,0,0,true,standing,moving,ok
1211,0,0,0,0,true,standing,moving,ok
1212,0,0,0,0,true,standing,moving,ok
1213,0,0,0,0,true,standing,moving,ok
1214,0,0,0,0,true,standing,moving,ok
1215,0,0,0,0,true,standing,moving,ok
1216,0,0,0,0,true,standing,moving,ok
1217,0,0,0,0,true,standing,moving,ok
1218,0,0,0,0,true,standing,moving,ok
1219,0,0,0,0,true,standing,not_moving,ok
1220,0,0,0,0,true,standing,not_moving,ok
1221,0,0,0,0,true,standing,not_moving,ok
1222,0,0,0,0,true,standing,not_moving,ok
1223,0,0,0,0,true,standing,not_moving,ok
1224,0,0,0,0,true,standing,not_moving,ok
1225,0,0,0,0,true,standing,not_moving,ok
1226,0,0,0,0,true,standing,not_moving,ok
1227,0,0,0,0,true,standing,not_moving,ok
1228,0,0,0,0,true,standing,not_moving,ok
1229,0,0,0,0,true,standing,not_moving,ok
1230,0,0,0,0,true,standing,not_moving,ok
1231,0,0,0,0,true,standing,not_moving,ok
1232,0,0,0,0,true,standing,not_moving,ok
1233,0,0,0,0,true,standing,not_moving,ok
1234,0,0,0,0,true,standing,not_moving,ok
1235,0,0,0,0,true,standing,not_moving,ok
1236,0,0,0,0,true,standing,not_moving,ok
1237,0,0,0,0,true,standing,not_moving,ok
1238,0,0,0,0,true,standing,not_moving,ok
1239,0,0,0,0,true,standing,not_moving,ok
1240,0,0,0,0,true,standing,not_moving,ok
1241,0,0,0,0,true,standing,not_moving,ok
1242,0,0,0,0,true,standing,not_moving,ok
1243,0,0,0,0,true,standing,not_moving,ok
1244,0,0,0,0,true,standing,not_moving,ok
1245,0,0,0,0,true,standing,not_moving,ok
1246,0,0,0,0,true,standing,not_moving,ok
1247,0,0,0,0,true,standing,not_moving,ok
1248,0,0,0,0,true,standing,not_moving,ok
1249,0,0,0,0,true,standing,not_moving,ok
1250,0,0,0,0,true,standing,not_moving,ok
1251,0,0,0,0,true,standing,not_moving,ok
1252,0,0,0,0,true,standing,not_moving,ok
1253,0,0,0,0,true,standing,not_moving,ok
1254,0,0,0,0,true,standing,not_moving,ok
1255,0,0,0,0,true,standing,not_moving,ok
1256,0,0,0,0,true,standing,not_moving,ok
1257,0,0,0,0,true,standing,not_moving,ok
1258,0,0,0,0,true,standing,not_moving,ok
1259,0,0,0,0,true,standing,not_moving,ok
1260,0,0,0,0,true,standing,not_moving,ok
1261,0,0,0,0,true,standing,not_moving,ok
1262,0,0,0,0,true,standing,not_moving,ok
1263,0,0,0,0,true,standing,not_moving,ok
1264,0,0,0,0,true,standing,not_moving,ok
1265,0,0,0,0,true,standing,not_moving,ok
1266,0,0,0,0,true,standing,not_moving,ok
1267,0,0,0,0,true,standing,not_moving,ok
1268,0,0,0,0,true,standing,not_moving,ok
1269,0,0,0,0,true,standing,not_moving,ok
1270,0,0,0,0,true,standing,not_moving,ok
1271,0,0,0,0,true,standing,not_moving,ok
1272,0,0,0,0,true,standing,not_moving,ok
1273,0,0,0,0,true,standing,not_moving,ok
1274,0,0,0,0,true,standing,not_moving,ok
1275,0,0,0,0,true,standing,not_moving,ok
1276,0,0,0,0,true,standing,not_moving,ok
1277,0,0,0,0,true,standing,not_moving,ok
1278,0,0,0,0,true,standing,not_moving,ok
1279,0,0,0,0,true,standing,not_moving,ok
1280,0,0,0,0,true,standing,not_moving,ok
1281,0,0,0,0,true,standing,not_moving,ok
1282,0,0,0,0,true,standing,not_moving,ok
1283,0,0,0,0,true,standing,not_moving,ok
1284,0,0,0,0,true,standing,not_moving,ok
1285,0,0,0,0,true,standing,not_moving,ok
1286,0,0,0,0,true,standing,not_moving,ok
1287,0,0,0,0,true,standing,not_moving,ok
1288,0,0,0,0,true,standing,not_moving,ok
1289,0,0,0,0,true,standing,not_moving,ok
1290,0,0,0,0,true,standing,not_moving,ok
1291,0,0,0,0,true,standing,not_moving,ok
1292,0,0,0,0,true,standing,not_moving,ok
1293,0,0,0,0,true,standing,not_moving,ok
1294,0,0,0,0,true,standing,not_moving,ok
1295,0,0,0,0,true,standing,not_moving,ok
1296,0,0,0,0,true,standing,not_moving,ok
1297,0,0,0,0,true,standing,not_moving,ok
1298,0,0,0,0,true,standing,not_moving,ok
1299,0,0,0,0,true,standing,not_moving,ok
1300,0,0,0,0,true,standing,not_moving,ok
1301,0,0,0,0,true,standing,not_moving,ok
1302,0,0,0,0,true,standing,not_moving,ok
1303,0,0,0,0,true,standing,not_moving,ok
1304,0,0,0,0,true,standing,not_moving,ok
1305,0,0,0,0,true,standing,not_moving,ok
1306,0,0,0,0,true,standing,not_moving,ok
1307,0,0,0,0,true,standing,not_moving,ok
1308,0,0,0,0,true,standing,not_moving,ok
1309,0,0,0,0,true,standing,not_moving,ok
1310,0,0,0,0,true,standing,not_moving,ok
1311,0,0,0,0,true,standing,not_moving,ok
1312,0,0,0,0,true,standing,not_moving,ok
1313,0,0,0,0,true,standing,not_moving,ok
1314,0,0,0,0,true,standing,not_moving,ok
1315,0,0,0,0,true,standing,not_moving,ok
1316,0,0,0,0,true,standing,not_moving,ok
1317,0,0,0,0,true,standing,not_moving,ok
1318,0,0,0,0,true,standing,not_moving,ok
1319,0,0,0,0,true,standing,not_moving,ok
1320,0,0,0,0,true,standing,not_moving,ok
1321,0,0,0,0,true,standing,not_moving,ok
1322,0,0,0,0,true,standing,not_moving,ok
1323,0,0,0,0,true,standing,not_moving,ok
1324,0,0,0,0,true,standing,not_moving,ok
1325,0,0,0,0,true,standing,not_moving,ok
1326,0,0,0,0,true,standing,not_moving,ok
1327,0,0,0,0,true,standing,not_moving,ok
1328,0,0,0,0,true,standing,not_moving,ok
1329,0,0,0,0,true,standing,not_moving,ok
1330,0,0,0,0,true,standing,not_moving,ok
1331,0,0,0,0,true,standing,not_moving,ok
1332,0,0,0,0,true,standing,not_moving,ok
1333,0,0,0,0,true,standing,not_moving,ok
1334,0,0,0,0,true,standing,not_moving,ok
1335,0,0,0,0,true,standing,not_moving,ok
1336,0,0,0,0,true,standing,not_moving,ok
1337,0,0,0,0,true,standing,not_moving,ok
1338,0,0,0,0,true,standing,not_moving,ok
1339
1340
1341
1342
1343
1344
1345
1346
